dates,buyIn,saleOut,netBuyIn,balance,SH,SHOverRate
2017-01-16,19.9348,33.236799999999995,-13.302,142.6615,3103.43,-0.3
2017-01-13,21.1769,15.208900000000002,5.968,123.66,3112.76,-0.21
2017-01-12,17.6294,11.1719,6.4575,123.0758,3119.29,-0.56
2017-01-11,19.3984,11.4676,7.9308000000000005,121.5373,3136.75,-0.79
2017-01-10,10.6822,17.036199999999997,-6.354,135.6552,3161.67,-0.3
2017-01-09,12.9868,22.160300000000003,-9.1735,138.4678,3171.24,0.54
2017-01-06,11.290799999999999,33.219,-21.9282,151.03,3154.32,-0.35
2017-01-05,15.4112,25.433600000000002,-10.0224,139.1234,3165.41,0.21
2017-01-04,14.720799999999999,28.8521,-14.131300000000001,143.48850000000002,3158.79,0.73
2017-01-03,12.2946,18.8441,-6.5495,135.8247,3135.92,1.04
2016-12-30,9.6313,12.415,-2.7837,132.0,3103.64,0.24
2016-12-29,11.3012,15.3465,-4.0453,133.2496,3096.1,-0.2
2016-12-28,11.7996,20.605300000000003,-8.8057,137.8487,3102.24,-0.4
2016-12-22,8.891,17.8023,-8.9113,138.4862,3139.56,0.07
2016-12-21,13.0628,14.906600000000001,-1.8437999999999999,131.5065,3137.43,1.11
2016-12-20,11.004000000000001,37.8899,-26.885900000000003,156.3742,3102.88,-0.49
2016-12-19,10.906099999999999,21.2225,-10.316400000000002,139.8216,3118.08,-0.16
2016-12-16,23.4953,20.8701,2.6252,126.42,3122.98,0.17
2016-12-15,20.6915,23.174699999999998,-2.4832,131.954,3117.68,-0.73
2016-12-14,21.476599999999998,20.959,0.5176,128.74450000000002,3140.53,-0.46
2016-12-13,19.6188,16.4455,3.1733,125.0659,3155.04,0.07
2016-12-12,26.0646,28.4225,-2.3579,131.1729,3152.97,-2.47
2016-12-09,34.3654,38.3739,-4.008500000000001,132.2345,3232.88,0.54
2016-12-08,26.8921,20.7757,6.1164,123.54440000000001,3215.37,-0.21
2016-12-07,19.1617,18.0438,1.1179000000000001,127.8383,3222.24,0.71
2016-12-06,20.2954,25.0331,-4.7377,133.966,3199.65,-0.16
2016-12-05,26.5599,41.4405,-14.8806,143.9244,3204.71,-1.21
2016-12-02,24.7284,40.1223,-15.3939,144.37,3243.84,-0.9
2016-12-01,27.836399999999998,18.4293,9.4071,119.55,3273.31,0.72
2016-11-30,29.764400000000002,18.7448,11.0196,118.29,3250.03,-1.0
2016-11-29,38.435900000000004,28.5851,9.8508,119.1,3282.92,0.18
2016-11-28,33.4092,19.454,13.9552,115.33,3277.0,0.46
2016-11-25,29.103099999999998,12.0031,17.1,112.34,3261.94,0.62
2016-11-24,22.5917,13.7444,8.8473,120.68,3241.74,0.02
2016-11-23,26.7773,15.4769,11.3004,118.37,3241.14,-0.22
2016-11-22,25.9863,12.739,13.247300000000001,116.25,3248.35,0.94
2016-11-21,15.3413,14.209100000000001,1.1322,128.24,3218.15,0.79
2016-11-18,10.3852,11.0265,-0.6413,130.24,3192.86,-0.49
2016-11-17,12.646199999999999,12.9341,-0.2879,129.73,3208.45,0.11
2016-11-16,18.0748,11.076400000000001,6.9984,122.02,3205.06,-0.06
2016-11-15,15.0342,14.915799999999999,0.1184,129.42,3206.99,-0.11
2016-11-14,23.7277,25.7319,-2.0042,131.13,3210.37,0.45
2016-11-11,20.4974,27.1644,-6.667000000000001,135.84,3196.04,0.78
2016-11-10,26.296100000000003,10.9143,15.3818,113.56,3171.28,1.37
2016-11-09,16.235,56.6478,-40.412800000000004,169.96,3128.37,-0.62
2016-11-08,17.4087,14.196800000000001,3.2119,126.28,3147.89,0.46
2016-11-07,10.9975,10.2785,0.7190000000000001,128.97,3133.33,0.26
2016-11-04,12.8915,14.765699999999999,-1.8741999999999999,131.6,3125.32,-0.12
2016-11-03,13.7058,17.735799999999998,-4.03,133.5,3128.94,0.84
2016-11-02,11.6967,21.480100000000004,-9.7834,139.46,3102.73,-0.63
2016-11-01,14.953800000000001,10.867799999999999,4.086,125.37,3122.44,0.71
2016-10-31,14.9049,13.4554,1.4494999999999998,127.67,3100.49,-0.12
2016-10-28,19.168699999999998,16.6171,2.5516,125.84,3104.27,-0.26
2016-10-27,10.7707,16.5381,-5.7674,135.4,3112.35,-0.13
2016-10-26,14.8303,12.4857,2.3446000000000002,126.99,3116.31,-0.5
2016-10-25,23.1325,13.9853,9.1472,120.44,3131.94,0.12
2016-10-24,25.328000000000003,17.7686,7.5594,121.35,3128.25,1.21
2016-10-20,10.5855,6.917999999999999,3.6675,124.86,3084.46,-0.01
2016-10-19,12.4877,8.5777,3.91,125.83,3084.72,0.03
2016-10-18,18.6634,12.1469,6.5165,122.42,3083.88,1.4
2016-10-17,13.1419,14.8882,-1.7463,131.44,3041.17,-0.74
2016-10-14,19.0687,9.6796,9.3891,119.74,3063.81,0.08
2016-10-13,11.5944,16.8997,-5.3053,134.65,3061.35,0.09
2016-10-12,11.8357,17.5906,-5.7549,135.27,3058.5,-0.22
2016-10-11,30.363899999999997,20.605500000000003,9.7584,119.55,3065.25,0.56
2016-09-29,12.504000000000001,6.8746,5.6294,124.13,2998.48,0.36
2016-09-28,7.7972,9.443200000000001,-1.646,131.06,2987.86,-0.34
2016-09-27,11.4351,14.7994,-3.3643,132.22,2998.17,0.6
2016-09-26,16.6138,20.3934,-3.7796,133.31,2980.43,-1.76
2016-09-23,17.7757,12.2978,5.4779,123.97,3033.9,-0.28
2016-09-22,24.0227,13.5933,10.429400000000001,118.02,3042.31,0.54
2016-09-21,14.006300000000001,16.555699999999998,-2.5494,130.85,3025.87,0.1
2016-09-20,12.636099999999999,21.165,-8.5289,136.59,3023.0,-0.1
2016-09-19,13.837200000000001,22.1065,-8.2693,137.13,3026.05,0.77
2016-09-14,12.6925,24.3684,-11.675899999999999,139.63,3002.85,-0.68
2016-09-13,15.3899,18.7714,-3.3815,131.08,3023.51,0.05
2016-09-12,13.986600000000001,39.781,-25.7944,152.22,3021.98,-1.85
2016-09-09,19.7896,23.285300000000003,-3.4957,130.7,3078.85,-0.55
2016-09-08,17.4604,7.9312000000000005,9.5292,117.36,3095.95,0.13
2016-09-07,18.6087,13.770999999999999,4.8377,121.65,3091.93,0.04
2016-09-06,18.9512,10.1405,8.8107,117.95,3090.71,0.61
2016-09-05,23.062800000000003,8.3549,14.7079,113.12,3072.1,0.15
2016-09-02,14.3924,16.2257,-1.8333000000000002,129.52,3067.35,0.13
2016-09-01,12.0143,10.817,1.1973,126.07,3063.31,-0.72
2016-08-31,13.986500000000001,11.194,2.7925,124.69,3085.49,0.35
2016-08-30,30.1771,21.1433,9.0338,118.46,3074.68,0.15
2016-08-29,15.791099999999998,16.127,-0.33590000000000003,128.5,3070.03,-0.01
2016-08-26,12.3994,10.4291,1.9703,125.43,3070.31,0.06
2016-08-25,17.720299999999998,14.3396,3.3807,124.75,3068.33,-0.57
2016-08-24,11.4596,9.203,2.2566,125.58,3085.88,-0.12
2016-08-23,14.2578,12.503699999999998,1.7541,125.35,3089.71,0.16
2016-08-22,12.0614,12.9811,-0.9197,128.26,3084.81,-0.75
2016-08-19,14.9114,11.3544,3.557,123.86,3108.1,0.13
2016-08-18,22.4444,10.724,11.7204,115.19,3104.11,-0.17
2016-08-17,27.1715,12.115499999999999,15.056,112.64,3109.55,-0.02
2016-08-16,58.3402,11.478499999999999,46.8617,79.81,3110.04,-0.49
2016-08-15,25.6056,21.7692,3.8364,121.45,3125.2,2.44
2016-08-12,19.748,17.434,2.314,123.84,3050.67,1.6
2016-08-11,17.6301,10.588,7.0421000000000005,119.53,3002.64,-0.53
2016-08-10,17.4,6.9461,10.4539,116.84,3018.75,-0.23
2016-08-09,20.8026,7.8811,12.921500000000002,113.98,3025.68,0.71
2016-08-08,15.7444,9.5113,6.233099999999999,120.17,3004.28,0.93
2016-08-05,12.730599999999999,7.9811000000000005,4.7495,122.29,2976.7,-0.19
2016-08-04,10.2453,14.619000000000002,-4.3737,131.33,2982.43,0.13
2016-08-03,12.7591,14.440999999999999,-1.6819,128.3,2978.46,0.24
2016-08-01,18.9369,8.3894,10.5475,115.85,2953.39,-0.87
2016-07-29,11.0125,10.1565,0.856,126.44,2979.34,-0.5
2016-07-28,14.885399999999999,20.5535,-5.668099999999999,132.55,2994.32,0.08
2016-07-27,30.965,21.213,9.752,119.25,2992.0,-1.91
2016-07-26,15.866900000000001,11.1702,4.6967,124.44,3050.17,1.14
2016-07-25,12.3525,7.8660000000000005,4.4864999999999995,125.03,3015.83,0.1
2016-07-22,11.6217,8.7025,2.9192,126.74,3012.82,-0.86
2016-07-21,16.9051,9.9039,7.0012,122.43,3039.01,0.37
2016-07-20,9.666699999999999,6.245,3.4217,126.23,3027.9,-0.29
2016-07-19,13.723199999999999,8.2688,5.454400000000001,124.11,3036.6,-0.23
2016-07-18,15.3181,8.2126,7.105499999999999,122.5,3043.56,-0.35
2016-07-15,14.7171,10.559000000000001,4.1581,125.47,3054.3,0.01
2016-07-14,16.9172,9.8857,7.031499999999999,122.57,3054.02,-0.22
2016-07-13,24.098499999999998,19.2886,4.8099,124.43,3060.69,0.37
2016-07-12,30.0042,13.105,16.8992,111.86,3049.38,1.82
2016-07-11,26.1431,10.6469,15.496199999999998,114.07,2994.92,0.23
2016-07-08,11.4144,13.6851,-2.2706999999999997,131.75,2988.09,-0.95
2016-07-07,10.8373,12.9572,-2.1199,131.76,3016.85,-0.01
2016-07-06,9.0013,15.452,-6.4507,136.03,3017.29,0.36
2016-07-05,12.0288,13.613499999999998,-1.5847,131.18,3006.39,0.6
2016-07-04,25.7637,14.2723,11.4914,117.68,2988.6,1.91
2016-06-29,22.3085,13.363199999999999,8.9453,119.04,2931.59,0.65
2016-06-28,10.3078,11.2176,-0.9098,127.34,2912.56,0.58
2016-06-27,12.4344,13.271500000000001,-0.8371,128.64,2895.7,1.45
2016-06-24,6.691599999999999,27.3769,-20.6853,148.22,2854.29,-1.3
2016-06-23,8.5058,9.2493,-0.7434999999999999,127.77,2891.96,-0.47
2016-06-22,13.268099999999999,6.209,7.0591,119.88,2905.55,0.94
2016-06-21,10.2749,11.1593,-0.8844,128.15,2878.56,-0.35
2016-06-20,8.6025,8.2445,0.358,127.04,2888.81,0.13
2016-06-17,20.63,13.331700000000001,7.2983,118.39,2885.11,0.43
2016-06-16,10.4297,19.6812,-9.2515,135.8,2872.82,-0.5
2016-06-15,11.304,18.302599999999998,-6.9986,134.73,2887.21,1.58
2016-06-14,9.14,11.7228,-2.5827999999999998,130.08,2842.19,0.32
2016-06-13,14.9891,25.8188,-10.8297,138.8,2833.07,-3.21
2016-06-08,17.4936,18.0545,-0.5609000000000001,127.57,2927.16,-0.3
2016-06-07,17.7971,6.5527,11.2444,113.35,2936.05,0.07
2016-06-06,15.7369,13.729700000000001,2.0072,122.76,2934.1,-0.16
2016-06-03,24.2875,10.429200000000002,13.8583,110.65,2938.68,0.46
2016-06-02,13.091700000000001,5.0934,7.9983,117.95,2925.23,0.4
2016-06-01,30.9304,11.9186,19.0118,105.78,2913.51,-0.11
2016-05-31,44.5175,10.1499,34.3676,92.29,2916.62,3.34
2016-05-30,30.2012,5.8912,24.31,100.15,2822.45,0.05
2016-05-27,10.4495,4.3008,6.1487,118.51,2821.05,-0.05
2016-05-26,9.9129,6.8147,3.0982,121.25,2822.44,0.26
2016-05-25,16.1935,3.6007,12.5928,114.34,2815.09,-0.23
2016-05-24,5.942200000000001,6.688400000000001,-0.7462000000000001,127.29,2821.67,-0.77
2016-05-23,10.107999999999999,6.6677,3.4402999999999997,122.94,2843.65,0.64
2016-05-20,7.9861,5.8462,2.1399,123.88,2825.48,0.66
2016-05-19,5.1485,6.9351,-1.7866,128.8,2806.91,-0.02
2016-05-18,7.888999999999999,12.125,-4.236000000000001,129.5,2807.51,-1.27
2016-05-17,6.710800000000001,8.171,-1.4602000000000002,126.9,2843.68,-0.25
2016-05-16,5.626900000000001,5.3026,0.3243,125.43,2850.86,0.84
2016-05-13,5.413200000000001,12.7183,-7.3050999999999995,133.6,2827.11,-0.31
2016-05-12,6.4605,11.019,-4.5585,129.67,2835.86,-0.04
2016-05-11,8.5386,10.9403,-2.4017,132.0,2837.04,0.16
2016-05-10,11.7961,15.9113,-4.1152,129.96,2832.59,0.02
2016-05-09,7.8816,13.222000000000001,-5.3404,131.12,2832.11,-2.79
2016-05-06,6.9677,20.5645,-13.5968,139.34,2913.25,-2.82
2016-05-05,6.925800000000001,12.5638,-5.638,131.85,2997.84,0.22
2016-05-04,9.0801,11.839,-2.7588999999999997,128.52,2991.27,-0.05
2016-05-03,17.9705,11.8175,6.153,119.17,2992.64,1.85
2016-04-29,10.208,9.3185,0.8895000000000001,125.19,2938.32,-0.25
2016-04-28,12.2239,15.0289,-2.805,128.48,2945.59,-0.27
2016-04-27,7.203200000000001,10.5711,-3.3679,130.24,2953.67,-0.37
2016-04-26,11.8905,10.061,1.8295,123.69,2964.7,0.61
2016-04-25,9.902899999999999,11.204500000000001,-1.3015999999999999,126.97,2946.67,-0.42
2016-04-22,11.4553,13.3643,-1.909,127.16,2959.24,0.22
2016-04-21,17.2229,15.651800000000001,1.5711000000000002,123.05,2952.89,-0.66
2016-04-20,18.8649,34.2297,-15.3648,140.47,2972.58,-2.31
2016-04-19,12.918299999999999,10.8978,2.0205,124.57,3042.82,0.3
2016-04-18,9.4945,20.3623,-10.867799999999999,136.36,3033.66,-1.44
2016-04-15,14.7773,15.558900000000001,-0.7816,127.05,3078.12,-0.14
2016-04-14,25.0944,10.654300000000001,14.4401,110.93,3082.36,0.51
2016-04-13,45.6967,14.154300000000001,31.542399999999997,94.39,3066.64,1.42
2016-04-12,15.6077,6.9107,8.697000000000001,117.93,3023.65,-0.34
2016-04-11,21.055300000000003,11.5721,9.4832,116.6,3033.96,1.64
2016-04-08,10.301400000000001,12.8274,-2.526,129.29,2984.96,-0.78
2016-04-07,11.5336,13.105,-1.5714,129.23,3008.42,-1.38
2016-04-06,13.4627,17.6722,-4.2095,131.17,3050.59,-0.08
2016-04-05,13.9269,13.676400000000001,0.2505,126.56,3053.07,1.45
2016-04-01,11.431,16.1586,-4.7276,129.77,3009.53,0.19
2016-03-31,34.8755,13.4005,21.475,105.05,3003.92,0.11
2016-03-30,23.971799999999998,13.394100000000002,10.5777,114.33,3000.65,2.77
2016-03-29,16.3042,19.125899999999998,-2.8217000000000003,128.55,2919.83,-1.28
2016-03-23,19.647000000000002,20.949099999999998,-1.3021,127.7,3009.96,0.35
2016-03-22,33.6182,29.4679,4.1503,122.37,2999.36,-0.64
2016-03-21,33.4781,35.1145,-1.6363999999999999,129.15,3018.8,2.15
2016-03-18,41.8205,31.8225,9.998,116.68,2955.15,1.73
2016-03-17,29.1694,13.2926,15.876800000000001,109.95,2904.83,1.2
2016-03-16,22.7251,25.4978,-2.7727,128.99,2870.43,0.21
2016-03-15,16.0133,18.7921,-2.7788,128.93,2864.37,0.17
2016-03-14,18.5392,15.3134,3.2258,122.95,2859.5,1.75
2016-03-11,17.8386,8.7711,9.0675,117.83,2810.31,0.2
2016-03-10,10.9833,8.606900000000001,2.3764,125.28,2804.73,-2.02
2016-03-09,10.8641,10.6272,0.2369,126.92,2862.56,-1.34
2016-03-08,12.433699999999998,15.8825,-3.4488,127.98,2901.39,0.14
2016-03-07,19.8522,12.2605,7.5916999999999994,118.47,2897.34,0.81
2016-03-04,39.1804,21.866,17.3144,112.0,2874.15,0.5
2016-03-03,19.4247,27.723000000000003,-8.298300000000001,133.08,2859.76,0.35
2016-03-02,32.846599999999995,8.4413,24.4053,100.08,2849.68,4.26
2016-03-01,16.4875,11.4602,5.0273,122.43,2733.17,1.68
2016-02-29,25.9586,8.8954,17.0632,109.87,2687.98,-2.86
2016-02-26,21.280700000000003,8.1096,13.1711,113.6,2767.21,0.95
2016-02-25,14.1042,13.7995,0.30469999999999997,127.03,2741.25,-6.41
2016-02-24,9.856900000000001,12.6528,-2.7958999999999996,128.75,2928.9,0.88
2016-02-23,10.5671,7.8501,2.717,124.5,2903.33,-0.81
2016-02-22,13.155,14.2727,-1.1177,127.8,2927.18,2.35
2016-02-19,11.654300000000001,11.6503,0.004,126.91,2860.02,-0.1
2016-02-18,14.161800000000001,11.7163,2.4455,124.71,2862.89,-0.16
2016-02-17,11.746300000000002,15.1831,-3.4368,130.44,2867.34,1.08
2016-02-16,14.879000000000001,12.857899999999999,2.0211,124.68,2836.57,3.29
2016-02-15,12.878900000000002,15.0868,-2.2079,128.76,2746.2,-0.63
2016-02-05,7.261900000000001,8.2398,-0.9779000000000001,127.59,2763.49,-0.63
2016-02-04,12.216,10.8389,1.3771,124.81,2781.02,1.53
2016-02-03,7.1399,30.918000000000003,-23.7781,150.58,2739.25,-0.38
2016-02-02,17.6479,18.8497,-1.2018,129.04,2749.57,2.26
2016-02-01,16.108800000000002,19.6932,-3.5844,131.92,2688.85,-1.78
2016-01-29,37.9806,23.406999999999996,14.573599999999999,113.06,2737.6,3.09
2016-01-28,20.208199999999998,25.1934,-4.9852,133.42,2655.66,-2.92
2016-01-27,54.1216,10.9229,43.1987,85.15,2735.56,-0.52
2016-01-26,12.222000000000001,14.8408,-2.6188,132.35,2749.79,-6.42
2016-01-25,9.4707,8.9442,0.5265,127.5,2938.51,0.75
2016-01-22,12.6522,9.4406,3.2116000000000002,123.81,2916.56,1.25
2016-01-21,8.7096,11.6028,-2.8931999999999998,131.62,2880.48,-3.23
2016-01-20,10.033999999999999,18.8417,-8.8077,135.93,2976.69,-1.03
2016-01-19,13.1755,10.1767,2.9988,124.0,3007.74,3.22
2016-01-18,12.7036,11.8945,0.8090999999999999,126.17,2913.84,0.44
2016-01-15,11.513,14.9174,-3.4044,131.05,2900.97,-3.55
2016-01-14,16.9446,19.8655,-2.9208999999999996,130.23,3007.65,1.97
2016-01-13,14.0085,13.0425,0.966,128.0,2949.6,-2.42
2016-01-12,13.4741,22.0398,-8.5657,136.36,3022.86,0.2
2016-01-11,13.2959,18.9787,-5.682799999999999,134.56,3016.7,-5.33
2016-01-08,23.186700000000002,21.6494,1.5372999999999999,127.05,3186.41,1.97
2016-01-07,3.4416,3.4449,-0.0033,129.73,3125.0,-7.04
2016-01-06,12.4067,18.9751,-6.5684000000000005,134.97,3361.84,2.25
2016-01-05,28.151799999999998,13.857999999999999,14.293800000000001,113.79,3287.71,-0.26
2016-01-04,9.151299999999999,8.8413,0.31,129.37,3296.26,-6.86
2015-12-31,6.8471,11.753800000000002,-4.9067,134.54,3539.18,-0.94
2015-12-30,12.1853,9.3386,2.8467000000000002,123.36,3572.88,0.26
2015-12-29,14.696900000000001,9.78,4.9169,120.94,3563.74,0.85
2015-12-28,12.7445,15.4698,-2.7253,129.65,3533.78,-2.59
2015-12-23,14.8313,18.5496,-3.7182999999999997,132.17,3636.09,-0.43
2015-12-22,14.832699999999999,22.4516,-7.6189,135.0,3651.77,0.26
2015-12-21,15.348199999999999,19.9269,-4.5787,131.16,3642.47,1.77
2015-12-18,16.9098,19.9194,-3.0096,130.54,3578.96,-0.03
2015-12-17,18.196099999999998,9.3234,8.8727,117.03,3580.0,1.81
2015-12-16,10.581900000000001,17.2857,-6.7038,134.74,3516.19,0.17
2015-12-15,13.890999999999998,11.7861,2.1049,125.89,3510.35,-0.29
2015-12-14,11.4723,16.7514,-5.2791,133.0,3520.67,2.51
2015-12-11,11.268699999999999,15.0349,-3.7662,131.41,3434.58,-0.61
2015-12-10,12.4517,17.2991,-4.8474,132.81,3455.5,-0.49
2015-12-09,13.2276,11.585,1.6425999999999998,125.37,3472.44,0.07
2015-12-08,9.5539,16.2506,-6.6967,133.91,3470.07,-1.89
2015-12-07,11.1298,12.9202,-1.7904,128.75,3536.93,0.34
2015-12-04,12.659600000000001,19.1267,-6.4671,133.49,3524.99,-1.67
2015-12-03,15.030999999999999,25.9328,-10.901800000000001,138.39,3584.82,1.35
2015-12-02,19.8324,25.7568,-5.9244,133.31,3536.91,2.33
2015-12-01,18.811500000000002,12.5276,6.2839,122.45,3456.31,0.32
2015-11-30,48.422,16.8455,31.5765,95.33,3445.41,0.27
2015-11-27,17.1931,15.601400000000002,1.5917,127.35,3436.3,-5.48
2015-11-26,16.771900000000002,12.264100000000001,4.5078,123.3,3635.55,-0.34
2015-11-25,14.643099999999999,15.7701,-1.127,128.47,3647.93,0.88
2015-11-24,14.581700000000001,13.0407,1.541,125.76,3616.11,0.16
2015-11-23,13.373800000000001,15.8271,-2.4533,129.77,3610.31,-0.56
2015-11-20,18.8291,20.4644,-1.6353,128.9,3630.5,0.37
2015-11-19,15.4231,18.0789,-2.6557999999999997,130.03,3617.06,1.36
2015-11-18,18.0819,20.2467,-2.1648,129.4,3568.47,-1.01
2015-11-17,21.194699999999997,25.5525,-4.3578,133.12,3604.8,-0.06
2015-11-16,19.9177,21.719,-1.8013,130.09,3606.96,0.73
2015-11-13,19.1581,22.125999999999998,-2.9679,130.1,3580.84,-1.43
2015-11-12,15.513499999999999,31.733,-16.2195,145.34,3632.9,-0.48
2015-11-11,17.5334,45.4543,-27.920900000000003,156.36,3650.25,0.27
2015-11-10,26.1925,53.32939999999999,-27.1369,155.56,3640.49,-0.18
2015-11-09,32.3191,46.756400000000006,-14.4373,142.78,3646.88,1.58
2015-11-06,24.385900000000003,41.4071,-17.0212,143.54,3590.03,1.91
2015-11-05,25.009,64.47359999999999,-39.4646,168.78,3522.82,1.83
2015-11-04,17.7376,40.7994,-23.061799999999998,151.91,3459.64,4.31
2015-11-03,13.4093,23.0575,-9.648200000000001,138.51,3316.7,-0.25
2015-11-02,12.4273,23.0315,-10.6042,139.67,3325.09,-1.7
2015-10-30,13.828199999999999,25.8383,-12.0101,141.19,3382.56,-0.14
2015-10-29,11.9536,27.727800000000002,-15.7742,144.88,3387.32,0.36
2015-10-28,18.4163,29.7584,-11.3421,139.67,3375.2,-1.72
2015-10-27,24.3594,26.629099999999998,-2.2697,130.84,3434.34,0.14
2015-10-26,18.8236,31.057199999999998,-12.2336,139.59,3429.58,0.5
2015-10-23,20.4313,30.9131,-10.4818,138.74,3412.43,1.3
2015-10-22,24.5069,38.2706,-13.763699999999998,142.68,3368.74,1.45
2015-10-19,21.156799999999997,23.753899999999998,-2.5970999999999997,130.13,3386.7,-0.14
2015-10-16,24.8143,31.848200000000002,-7.0339,135.33,3391.35,1.6
2015-10-15,21.980999999999998,18.4669,3.5141000000000004,125.52,3338.07,2.32
2015-10-14,8.827,17.945,-9.118,138.51,3262.44,-0.93
2015-10-13,18.4609,22.5643,-4.1034,133.13,3293.23,0.17
2015-10-12,27.893800000000002,29.880300000000002,-1.9865000000000002,129.73,3287.66,3.28
2015-10-09,23.0836,6.040900000000001,17.0427,111.31,3183.15,1.27
2015-10-08,53.5984,16.2521,37.3463,88.59,3143.36,2.97
2015-09-30,10.6281,7.3619,3.2662,125.2,3052.78,0.48
2015-09-29,11.2454,26.621799999999997,-15.3764,143.99,3038.14,-2.02
2015-09-24,13.8034,23.207600000000003,-9.4042,138.94,3142.69,0.86
2015-09-23,13.384500000000001,26.4557,-13.0712,141.43,3115.89,-2.19
2015-09-22,19.1397,20.4629,-1.3232,129.07,3185.62,0.92
2015-09-21,19.6023,14.107999999999999,5.494299999999999,123.43,3156.54,1.89
2015-09-18,39.5326,15.6959,23.8367,103.15,3097.92,0.38
2015-09-17,17.0259,13.571,3.4549000000000003,125.95,3086.06,-2.1
2015-09-16,27.9734,10.7193,17.2541,110.96,3152.26,4.89
2015-09-15,22.355999999999998,11.9658,10.3902,118.83,3005.17,-3.52
2015-09-14,12.446800000000001,19.6508,-7.204,136.54,3114.8,-2.67
2015-09-11,12.566300000000002,13.2608,-0.6945,129.34,3200.23,0.07
2015-09-10,40.037,10.954,29.083000000000002,98.29,3197.89,-1.39
2015-09-09,29.1152,58.9739,-29.8587,157.67,3243.09,2.29
2015-09-08,58.6536,14.865,43.788599999999995,84.85,3170.45,2.92
2015-09-07,21.629499999999997,23.3977,-1.7682,130.86,3080.42,-2.52
2015-09-02,24.610599999999998,55.0467,-30.4361,159.97,3160.17,-0.2
2015-09-01,22.904600000000002,35.7956,-12.890999999999998,141.91,3166.62,-1.23
2015-08-31,21.460700000000003,27.9554,-6.4947,135.45,3205.99,-0.82
2015-08-28,28.6833,54.1753,-25.491999999999997,154.1,3232.35,4.82
2015-08-27,67.204,20.0763,47.127700000000004,81.01,3083.59,5.34
2015-08-26,102.4147,28.4438,73.9709,55.0,2927.29,-1.27
2015-08-25,101.5567,21.7423,79.81439999999999,49.29,2964.97,-7.63
2015-08-24,103.4831,21.994899999999998,81.48819999999999,47.38,3209.91,-8.49
2015-08-21,20.539699999999996,29.7682,-9.2285,137.74,3507.74,-4.27
2015-08-20,13.431600000000001,21.8177,-8.3861,136.61,3664.29,-3.42
2015-08-19,24.485,24.319699999999997,0.1653,127.98,3794.11,1.23
2015-08-18,18.9054,23.731199999999998,-4.8258,134.42,3748.16,-6.15
2015-08-17,13.3525,19.196099999999998,-5.8436,134.36,3993.67,0.71
2015-08-14,20.4241,20.6463,-0.22219999999999998,129.33,3965.34,0.27
2015-08-13,19.586199999999998,17.9164,1.6698,127.0,3954.56,1.76
2015-08-12,23.0658,25.0723,-2.0065,130.71,3886.32,-1.06
2015-08-11,26.4084,19.8357,6.5727,122.19,3927.91,-0.01
2015-08-10,22.3819,20.6151,1.7668000000000001,126.58,3928.42,4.92
2015-08-07,20.263099999999998,12.5044,7.7587,121.26,3744.21,2.26
2015-08-06,13.066500000000001,10.9772,2.0893,126.52,3661.54,-0.89
2015-08-05,17.0671,17.008,0.0591,129.26,3694.57,-1.65
2015-08-04,18.4283,22.105100000000004,-3.6768,132.74,3756.55,3.69
2015-08-03,14.5029,36.4944,-21.991500000000002,151.37,3622.91,-1.11
2015-07-31,21.3927,17.12,4.2726999999999995,124.73,3663.73,-1.13
2015-07-30,19.0305,21.0892,-2.0587,130.61,3705.77,-2.2
2015-07-29,26.2082,32.6568,-6.4486,134.87,3789.17,3.44
2015-07-28,66.9816,42.398900000000005,24.5827,103.35,3663.0,-1.68
2015-07-27,25.7621,27.2992,-1.5371000000000001,131.48,3725.56,-8.48
2015-07-24,25.8162,26.4777,-0.6615000000000001,129.91,4070.91,-1.29
2015-07-23,26.4883,23.1523,3.3360000000000003,125.06,4123.92,2.43
2015-07-22,22.215300000000003,28.4492,-6.2339,134.34,4026.05,0.21
2015-07-21,19.1563,25.866500000000002,-6.7101999999999995,134.33,4017.68,0.64
2015-07-20,25.2049,28.9873,-3.7824,132.74,3992.11,0.88
2015-07-17,25.414,23.465500000000002,1.9485,127.02,3957.35,3.51
2015-07-16,20.581,25.88,-5.2989999999999995,134.59,3823.18,0.46
2015-07-15,28.254,31.5902,-3.3362,132.75,3805.7,-3.03
2015-07-14,34.3377,50.0597,-15.722000000000001,140.47,3924.49,-1.16
2015-07-13,31.1813,54.1999,-23.018600000000003,145.88,3970.39,2.39
2015-07-10,27.633499999999998,56.1417,-28.508200000000002,153.66,3877.8,4.54
2015-07-09,35.42,72.9911,-37.5711,164.75,3709.33,5.76
2015-07-08,38.2464,104.5077,-66.2613,195.87,3507.19,-5.9
2015-07-07,52.9412,156.5195,-103.5783,232.56,3727.13,-1.29
2015-07-06,49.3241,184.55630000000002,-135.2322,263.85,3775.91,2.41
2015-07-03,120.3635,50.564899999999994,69.7986,58.54,3686.92,-5.77
2015-07-02,81.9965,54.9165,27.08,101.91,3912.77,-3.48
2015-06-29,68.9557,84.0897,-15.134,143.33,4053.03,-3.34
2015-06-26,68.6414,37.439,31.202399999999997,97.56,4192.87,-7.4
2015-06-25,43.051899999999996,79.37310000000001,-36.3212,165.56,4527.78,-3.46
2015-06-24,52.103699999999996,83.7594,-31.655700000000003,160.39,4690.15,2.48
2015-06-23,130.8816,62.518,68.36359999999999,59.34,4576.49,2.19
2015-06-19,113.156,35.8394,77.3166,51.96,4478.36,-6.42
2015-06-18,35.0499,29.6056,5.444299999999999,123.43,4785.36,-3.67
2015-06-17,32.7529,43.45140000000001,-10.6985,138.61,4967.9,1.65
2015-06-16,42.624399999999994,43.071400000000004,-0.447,129.35,4887.43,-3.47
2015-06-15,44.54,57.07899999999999,-12.539000000000001,141.47,5062.99,-2.0
2015-06-12,56.983999999999995,43.896800000000006,13.087200000000001,114.52,5166.35,0.87
2015-06-11,42.227799999999995,52.6833,-10.455499999999999,138.66,5121.59,0.3
2015-06-10,55.2272,41.2153,14.0119,112.61,5106.04,-0.15
2015-06-09,46.4054,61.693400000000004,-15.288,142.62,5113.53,-0.36
2015-06-08,51.9547,64.85470000000001,-12.9,135.4,5131.88,2.17
2015-06-05,42.699,56.5964,-13.8974,136.09,5023.1,1.54
2015-06-04,56.194399999999995,67.1315,-10.937100000000001,132.6,4947.1,0.76
2015-06-03,62.396800000000006,62.0813,0.3155,127.82,4909.98,-0.01
2015-06-02,56.2808,53.9872,2.2936,125.19,4910.53,1.69
2015-06-01,63.412,46.2385,17.1735,110.66,4828.74,4.71
2015-05-29,78.3511,57.244499999999995,21.1066,107.05,4611.74,-0.18
2015-05-28,57.711000000000006,89.4598,-31.748800000000003,161.25,4620.27,-6.5
2015-05-27,60.008900000000004,58.179399999999994,1.8295,126.57,4941.71,0.63
2015-05-26,106.9428,72.839,34.1038,94.12,4910.9,2.02
2015-05-21,48.5272,30.292800000000003,18.2344,109.88,4529.42,1.87
2015-05-20,54.6651,26.945700000000002,27.7194,100.64,4446.29,0.65
2015-05-19,38.388600000000004,18.3559,20.0327,107.85,4417.55,3.13
2015-05-18,30.8995,19.8792,11.020299999999999,117.53,4283.49,-0.58
2015-05-15,32.2133,27.201,5.0123,124.03,4308.69,-1.59
2015-05-14,22.485,24.3452,-1.8602,131.09,4378.31,0.06
2015-05-13,31.9278,35.952,-4.0242,133.31,4375.76,-0.58
2015-05-12,32.249,36.316900000000004,-4.0679,132.74,4401.22,1.56
2015-05-11,33.132600000000004,33.8956,-0.763,129.63,4333.58,3.04
2015-05-08,34.3356,26.682399999999998,7.653200000000001,118.33,4205.92,2.28
2015-05-07,48.7505,23.1188,25.631700000000002,103.53,4112.21,-2.77
2015-05-06,44.2934,40.1311,4.1623,122.88,4229.27,-1.62
2015-05-05,39.3905,31.617199999999997,7.773300000000001,121.67,4298.71,-4.06
2015-05-04,29.6131,29.1745,0.4386,124.66,4480.46,0.87
2015-04-30,33.2018,37.6376,-4.4357999999999995,133.35,4441.66,-0.78
2015-04-29,42.2341,39.475500000000004,2.7586,122.36,4476.62,0.01
2015-04-28,41.475100000000005,44.0875,-2.6124,131.68,4476.21,-1.13
2015-04-27,52.257,41.6084,10.648599999999998,117.45,4527.4,3.04
2015-04-24,37.7411,37.4456,0.2955,122.64,4393.69,-0.47
2015-04-23,35.4199,42.8112,-7.3913,133.76,4414.51,0.36
2015-04-22,49.381899999999995,42.3706,7.0113,121.65,4398.5,2.44
2015-04-21,41.7054,27.8409,13.8645,112.78,4293.62,1.82
2015-04-20,51.156000000000006,62.6338,-11.4778,140.23,4217.08,-1.64
2015-04-17,58.9429,42.9775,15.965399999999999,111.97,4287.3,2.2
2015-04-16,45.3188,29.574299999999997,15.7445,110.55,4194.82,2.71
2015-04-15,43.6049,33.3116,10.293299999999999,118.52,4084.16,-1.24
2015-04-14,37.8921,33.6103,4.2818000000000005,123.84,4135.57,0.34
2015-04-13,42.6422,33.329699999999995,9.3125,117.94,4121.72,2.17
2015-04-10,32.549299999999995,41.398599999999995,-8.8493,136.14,4034.31,1.94
2015-04-09,34.515100000000004,85.33409999999999,-50.818999999999996,179.79,3957.53,-0.93
2015-04-08,45.783100000000005,85.9932,-40.210100000000004,165.05,3994.81,0.84
2015-04-01,31.8581,32.001799999999996,-0.1437,126.41,3810.29,1.66
2015-03-31,33.5943,47.5032,-13.908900000000001,142.73,3747.9,-1.02
2015-03-30,37.3654,49.867200000000004,-12.501800000000001,140.85,3786.57,2.59
2015-03-27,29.5298,28.462699999999998,1.0671,127.89,3691.1,0.24
2015-03-26,35.8397,45.9798,-10.1401,139.17,3682.1,0.58
2015-03-25,39.539,39.8499,-0.3109,129.06,3660.73,-0.83
2015-03-24,44.098,60.56,-16.462,145.52,3691.41,0.1
2015-03-23,53.922399999999996,35.262,18.6604,108.58,3687.73,1.95
2015-03-20,49.8987,38.4876,11.4111,114.51,3617.32,0.98
2015-03-19,38.8036,38.1876,0.616,127.92,3582.27,0.14
2015-03-18,42.346599999999995,26.441,15.9056,112.6,3577.3,2.13
2015-03-17,46.788900000000005,25.6754,21.1135,106.76,3502.85,1.55
2015-03-16,31.1706,17.429000000000002,13.7416,114.8,3449.31,2.26
2015-03-13,34.2301,18.3901,15.84,113.36,3372.91,0.7
2015-03-12,38.5351,22.7164,15.8187,112.81,3349.32,1.78
2015-03-11,26.6629,17.904700000000002,8.7582,120.4,3290.9,0.15
2015-03-10,16.9405,16.410999999999998,0.5295000000000001,128.97,3286.07,-0.49
2015-03-09,22.057399999999998,16.1703,5.8871,123.35,3302.41,1.89
2015-03-06,16.4076,12.5106,3.897,125.35,3241.19,-0.22
2015-03-05,25.092,18.673,6.419,121.81,3248.48,-0.95
2015-03-04,20.423099999999998,17.3694,3.0537,123.78,3279.53,0.51
2015-03-03,21.221700000000002,20.2831,0.9386,123.59,3263.05,-2.2
2015-03-02,32.076100000000004,24.620500000000003,7.4556,118.73,3336.29,0.78
2015-02-27,23.566999999999997,16.8423,6.7247,121.88,3310.3,0.36
2015-02-26,29.095399999999998,33.6222,-4.5268,132.74,3298.36,2.15
2015-02-25,32.524,22.409200000000002,10.1148,118.27,3228.84,-0.56
2015-02-17,14.4517,12.238800000000001,2.2129,125.97,3246.91,0.76
2015-02-16,20.313399999999998,19.075599999999998,1.2378,126.72,3222.36,0.58
2015-02-13,33.200500000000005,14.056500000000002,19.144000000000002,108.43,3203.83,0.96
2015-02-12,26.2214,14.623199999999999,11.598199999999999,115.9,3173.42,0.5
2015-02-11,27.0725,13.2568,13.8157,112.33,3157.7,0.51
2015-02-10,27.2998,11.009300000000001,16.290499999999998,111.76,3141.59,1.5
2015-02-09,25.674,14.4901,11.183900000000001,110.01,3095.12,0.62
2015-02-06,24.212600000000002,22.605999999999998,1.6066,114.6,3075.91,-1.93
2015-02-05,50.5751,22.2423,28.332800000000002,91.94,3136.53,-1.18
2015-02-04,21.0827,10.121699999999999,10.960999999999999,108.33,3174.13,-0.96
2015-02-03,36.7981,9.7981,27.0,80.42,3204.91,2.45
2015-02-02,24.1153,22.3307,1.7846000000000002,106.63879999999999,3128.3,-2.56
2015-01-30,17.5168,17.2209,0.2959,111.84,3210.36,-1.59
2015-01-29,32.7513,22.9967,9.7546,101.14,3262.31,-1.31
2015-01-28,23.0297,11.6105,11.4192,111.68,3305.74,-1.41
2015-01-27,27.0214,17.9879,9.0335,118.63,3352.96,-0.89
2015-01-26,17.520599999999998,13.5572,3.9633999999999996,124.13,3383.18,0.94
2015-01-23,27.2363,24.621100000000002,2.6151999999999997,125.76,3351.76,0.25
2015-01-22,27.8655,26.3512,1.5143,127.5,3343.34,0.59
2015-01-21,45.802600000000005,26.546,19.256600000000002,108.65,3323.61,4.74
2015-01-20,49.3584,27.906100000000002,21.4523,105.76,3173.05,1.82
2015-01-19,26.191300000000002,29.6219,-3.4306,133.27,3116.35,-7.7
2015-01-16,24.7815,23.5139,1.2676,125.78,3376.5,1.2
2015-01-15,27.9148,20.8625,7.0523,119.92,3336.46,3.54
2015-01-14,21.8187,15.8803,5.938400000000001,122.79,3222.44,-0.4
2015-01-13,15.7269,18.233800000000002,-2.5069,131.16,3235.3,0.19
2015-01-12,21.6452,34.3799,-12.7347,141.33,3229.32,-1.71
2015-01-09,34.700700000000005,20.1689,14.5318,113.83,3285.41,-0.24
2015-01-08,22.3142,21.7359,0.5783,119.22,3293.46,-2.39
2015-01-07,20.434,17.013199999999998,3.4208,112.47,3373.95,0.67
2015-01-06,32.4049,32.6364,-0.23149999999999998,109.09,3351.45,0.03
2015-01-05,40.006,19.9833,20.0227,83.11,3350.52,3.58
2014-12-31,21.331999999999997,21.540399999999998,-0.2084,106.88,3234.68,2.18
2014-12-30,14.2477,21.2092,-6.9615,136.3,3165.82,-0.07
2014-12-29,34.5154,27.8242,6.6912,122.5,3168.02,0.33
2014-12-23,30.025199999999998,24.1584,5.8668,123.47,3032.61,-3.03
2014-12-22,39.536100000000005,26.297800000000002,13.238299999999999,115.72,3127.45,0.61
2014-12-19,29.3961,20.773899999999998,8.6222,119.29,3108.6,1.67
2014-12-18,34.4856,16.1868,18.2988,110.92,3057.52,-0.11
2014-12-17,35.7324,30.8416,4.8908,123.52,3061.02,1.31
2014-12-16,27.7236,15.4652,12.2584,116.82,3021.52,2.31
2014-12-15,22.238200000000003,12.876700000000001,9.3615,119.32,2953.42,0.52
2014-12-12,33.965,17.040499999999998,16.924500000000002,111.38,2938.17,0.42
2014-12-11,26.5117,17.364,9.1477,119.26,2925.74,-0.49
2014-12-10,43.867399999999996,25.5031,18.3643,110.59,2940.01,2.93
2014-12-09,56.3163,46.0744,10.241900000000001,118.41,2856.27,-5.43
2014-12-08,48.168800000000005,34.0089,14.1599,113.23,3020.26,2.81
2014-12-05,59.8429,35.3472,24.495700000000003,104.33,2937.65,1.32
2014-12-04,46.2754,12.685599999999999,33.5898,94.79,2899.46,4.31
2014-12-03,60.4958,23.6468,36.849000000000004,91.39,2779.53,0.58
2014-12-02,42.1425,10.9892,31.153299999999998,96.89,2763.55,3.11
2014-12-01,37.8762,24.698,13.178199999999999,116.02,2680.16,-0.1
2014-11-28,30.1424,7.6802,22.4622,106.55,2682.84,1.99
2014-11-27,33.3504,4.6638,28.6866,100.1,2630.49,1.0
2014-11-26,35.1521,3.2260000000000004,31.9261,97.05,2604.35,1.43
2014-11-25,31.3221,3.8218,27.500300000000003,101.47,2567.6,1.37
2014-11-24,61.3922,2.8275,58.5647,60.44,2532.88,1.85
2014-11-21,24.305500000000002,2.3102,21.9953,106.59,2486.79,1.39
